{
  "hash": "ac8952b7",
  "configHash": "33641f77",
  "lockfileHash": "e26202d1",
  "browserHash": "368dc7d7",
  "optimized": {
    "@angular/common": {
      "src": "../../../../../../node_modules/@angular/common/fesm2022/common.mjs",
      "file": "@angular_common.js",
      "fileHash": "e2a2b584",
      "needsInterop": false
    },
    "@angular/common/http": {
      "src": "../../../../../../node_modules/@angular/common/fesm2022/http.mjs",
      "file": "@angular_common_http.js",
      "fileHash": "6b7c84da",
      "needsInterop": false
    },
    "@angular/core": {
      "src": "../../../../../../node_modules/@angular/core/fesm2022/core.mjs",
      "file": "@angular_core.js",
      "fileHash": "9c15a98e",
      "needsInterop": false
    },
    "@angular/forms": {
      "src": "../../../../../../node_modules/@angular/forms/fesm2022/forms.mjs",
      "file": "@angular_forms.js",
      "fileHash": "3f62fb4e",
      "needsInterop": false
    },
    "@angular/platform-browser": {
      "src": "../../../../../../node_modules/@angular/platform-browser/fesm2022/platform-browser.mjs",
      "file": "@angular_platform-browser.js",
      "fileHash": "fe14dfc3",
      "needsInterop": false
    },
    "@angular/router": {
      "src": "../../../../../../node_modules/@angular/router/fesm2022/router.mjs",
      "file": "@angular_router.js",
      "fileHash": "454351a1",
      "needsInterop": false
    }
  },
  "chunks": {
    "chunk-TVQZRLIR": {
      "file": "chunk-TVQZRLIR.js"
    },
    "chunk-NZDNKXNC": {
      "file": "chunk-NZDNKXNC.js"
    },
    "chunk-LC63JU7F": {
      "file": "chunk-LC63JU7F.js"
    },
    "chunk-SXHOZHTL": {
      "file": "chunk-SXHOZHTL.js"
    }
  }
}